Country,Happiness_Rank,Happiness_Score,GDP,Health,Freedom,Government_corruption,Generosity,Year,Social_support,Continent,2015_Population
Switzerland,1,7.59,1.4,0.94,0.67,0.42,0.3,2015,1.35,Europe,8281732.0
Iceland,2,7.56,1.3,0.95,0.63,0.14,0.44,2015,1.4,Europe,331060.0
Denmark,3,7.53,1.33,0.87,0.65,0.48,0.34,2015,1.36,Europe,5677796.0
Norway,4,7.52,1.46,0.89,0.67,0.37,0.35,2015,1.33,Europe,5190356.0
Canada,5,7.43,1.33,0.91,0.63,0.33,0.46,2015,1.32,North America,35732126.0
Finland,6,7.41,1.29,0.89,0.64,0.41,0.23,2015,1.32,Europe,5479461.0
Netherlands,7,7.38,1.33,0.89,0.62,0.32,0.48,2015,1.28,Europe,17041107.0
Sweden,8,7.36,1.33,0.91,0.66,0.44,0.36,2015,1.29,Europe,9849349.0
New Zealand,9,7.29,1.25,0.91,0.64,0.43,0.48,2015,1.32,Oceania,4590590.0
Australia,10,7.28,1.33,0.93,0.65,0.36,0.44,2015,1.31,Oceania,23820236.0
Israel,11,7.28,1.23,0.91,0.41,0.08,0.33,2015,1.22,Asia,8007778.0
Costa Rica,12,7.23,0.96,0.86,0.63,0.11,0.25,2015,1.24,North America,4895242.0
Austria,13,7.2,1.34,0.89,0.62,0.19,0.33,2015,1.3,Europe,8642421.0
Mexico,14,7.19,1.02,0.81,0.48,0.21,0.14,2015,0.91,North America,120149897.0
United States,15,7.12,1.39,0.86,0.55,0.16,0.4,2015,1.25,North America,324607776.0
Brazil,16,6.98,0.98,0.7,0.49,0.18,0.15,2015,1.23,South America,205188205.0
Luxembourg,17,6.95,1.56,0.92,0.62,0.38,0.28,2015,1.22,Europe,569408.0
Ireland,18,6.94,1.34,0.9,0.62,0.29,0.46,2015,1.37,Europe,4665760.0
Belgium,19,6.94,1.31,0.9,0.58,0.23,0.22,2015,1.29,Europe,11248303.0
United Arab Emirates,20,6.9,1.43,0.81,0.64,0.39,0.26,2015,1.13,Asia,8916899.0
United Kingdom,21,6.87,1.27,0.91,0.6,0.32,0.52,2015,1.29,Europe,65224364.0
Oman,22,6.85,1.36,0.76,0.63,0.33,0.22,2015,1.08,Asia,4191776.0
Venezuela,23,6.81,1.04,0.72,0.43,0.11,0.06,2015,1.26,South America,30529716.0
Singapore,24,6.8,1.52,1.03,0.54,0.49,0.31,2015,1.02,Asia,5650018.0
Panama,25,6.79,1.06,0.8,0.54,0.09,0.24,2015,1.2,North America,3957099.0
Germany,26,6.75,1.33,0.89,0.61,0.22,0.28,2015,1.3,Europe,82073226.0
Chile,27,6.67,1.11,0.86,0.44,0.13,0.33,2015,1.12,South America,17870124.0
Qatar,28,6.61,1.69,0.8,0.64,0.52,0.33,2015,1.08,Asia,2414573.0
France,29,6.58,1.28,0.95,0.55,0.21,0.12,2015,1.26,Europe,63809769.0
Argentina,30,6.57,1.05,0.79,0.45,0.08,0.11,2015,1.25,South America,43257065.0
Czech Republic,31,6.5,1.18,0.84,0.46,0.03,0.11,2015,1.21,Europe,10523798.0
Uruguay,32,6.48,1.06,0.81,0.6,0.25,0.23,2015,1.21,South America,3402818.0
Colombia,33,6.48,0.92,0.69,0.53,0.05,0.18,2015,1.24,South America,47119728.0
Thailand,34,6.46,0.97,0.74,0.56,0.03,0.58,2015,1.27,Asia,70294397.0
Saudi Arabia,35,6.41,1.4,0.72,0.31,0.33,0.14,2015,1.08,Asia,32749848.0
Spain,36,6.33,1.23,0.96,0.46,0.06,0.18,2015,1.31,Europe,46431342.0
Malta,37,6.3,1.21,0.89,0.6,0.14,0.52,2015,1.3,Europe,456579.0
Taiwan,38,6.3,1.29,0.88,0.4,0.08,0.25,2015,1.08,Asia,23512136.0
Kuwait,39,6.3,1.55,0.72,0.55,0.26,0.16,2015,1.17,Asia,3908743.0
Suriname,40,6.27,1.0,0.61,0.6,0.14,0.17,2015,0.97,South America,575475.0
Trinidad and Tobago,41,6.17,1.21,0.61,0.56,0.01,0.32,2015,1.18,North America,1460177.0
El Salvador,42,6.13,0.76,0.68,0.4,0.12,0.11,2015,1.03,North America,6231066.0
Guatemala,43,6.12,0.75,0.64,0.58,0.09,0.27,2015,1.04,North America,16001107.0
Uzbekistan,44,6.0,0.63,0.6,0.66,0.31,0.23,2015,1.34,Asia,30949417.0
Slovakia,45,6.0,1.17,0.79,0.32,0.03,0.17,2015,1.27,Europe,5424444.0
Japan,46,5.99,1.27,0.99,0.5,0.18,0.11,2015,1.26,Asia,127250933.0
South Korea,47,5.98,1.24,0.97,0.33,0.08,0.19,2015,0.96,Asia,50994401.0
Ecuador,48,5.98,0.86,0.79,0.49,0.18,0.12,2015,1.0,South America,16195902.0
Bahrain,49,5.96,1.32,0.75,0.45,0.31,0.17,2015,1.22,Asia,1362142.0
Italy,50,5.95,1.25,0.95,0.26,0.03,0.23,2015,1.2,Europe,60232906.0
Bolivia,51,5.89,0.68,0.54,0.57,0.09,0.21,2015,0.98,South America,11090085.0
Moldova,52,5.89,0.59,0.62,0.33,0.02,0.21,2015,1.02,Europe,3277388.0
Paraguay,53,5.88,0.76,0.66,0.54,0.08,0.34,2015,1.3,South America,6177950.0
Kazakhstan,54,5.86,1.12,0.64,0.52,0.08,0.12,2015,1.12,Asia,17835909.0
Slovenia,55,5.85,1.18,0.87,0.61,0.04,0.25,2015,1.27,Europe,2080862.0
Lithuania,56,5.83,1.15,0.73,0.21,0.01,0.03,2015,1.26,Europe,2963765.0
Nicaragua,57,5.83,0.59,0.74,0.55,0.19,0.28,2015,1.14,North America,6298598.0
Peru,58,5.82,0.9,0.73,0.41,0.06,0.15,2015,0.97,South America,30711863.0
Belarus,59,5.81,1.03,0.74,0.38,0.19,0.11,2015,1.23,Europe,9700609.0
Poland,60,5.79,1.13,0.78,0.53,0.04,0.17,2015,1.28,Europe,38553146.0
Malaysia,61,5.77,1.12,0.72,0.53,0.11,0.33,2015,1.07,Asia,31068833.0
Croatia,62,5.76,1.08,0.79,0.26,0.02,0.05,2015,0.8,Europe,4254815.0
Libya,63,5.75,1.13,0.7,0.42,0.11,0.18,2015,1.12,Africa,6192235.0
Russia,64,5.72,1.14,0.67,0.37,0.03,0.0,2015,1.24,Europe,144668389.0
Jamaica,65,5.71,0.81,0.69,0.5,0.02,0.21,2015,1.15,North America,2794445.0
Cyprus,67,5.69,1.21,0.92,0.41,0.06,0.31,2015,0.89,Europe,1187280.0
Algeria,68,5.6,0.94,0.62,0.29,0.17,0.08,2015,1.08,Africa,39543154.0
Turkmenistan,70,5.55,0.96,0.54,0.48,0.31,0.17,2015,1.23,Asia,5766431.0
Mauritius,71,5.48,1.01,0.71,0.56,0.08,0.38,2015,0.99,Africa,1293153.0
Hong Kong,72,5.47,1.39,1.01,0.6,0.37,0.39,2015,1.06,Asia,7399838.0
Estonia,73,5.43,1.15,0.77,0.45,0.15,0.09,2015,1.23,Europe,1314657.0
Indonesia,74,5.4,0.83,0.64,0.47,0.0,0.52,2015,1.09,Asia,259091970.0
Vietnam,75,5.36,0.63,0.75,0.59,0.1,0.17,2015,0.91,Asia,92191398.0
Turkey,76,5.33,1.06,0.73,0.23,0.16,0.12,2015,0.95,Asia,79646178.0
Kyrgyzstan,77,5.29,0.47,0.65,0.43,0.04,0.3,2015,1.15,Asia,5914980.0
Nigeria,78,5.27,0.65,0.16,0.34,0.04,0.27,2015,0.9,Africa,183995785.0
Bhutan,79,5.25,0.77,0.57,0.53,0.15,0.48,2015,1.1,Asia,743274.0
Azerbaijan,80,5.21,1.02,0.64,0.37,0.16,0.08,2015,0.94,Asia,9863480.0
Pakistan,81,5.19,0.6,0.51,0.12,0.1,0.34,2015,0.41,Asia,210969298.0
Jordan,82,5.19,0.9,0.7,0.41,0.14,0.11,2015,1.05,Asia,9494246.0
Montenegro,82,5.19,0.97,0.73,0.18,0.14,0.16,2015,0.91,Europe,633966.0
China,84,5.14,0.89,0.82,0.52,0.03,0.08,2015,0.95,Asia,1393715448.0
Zambia,85,5.13,0.47,0.3,0.49,0.12,0.2,2015,0.92,Africa,16248230.0
Romania,86,5.12,1.04,0.77,0.35,0.01,0.14,2015,0.89,Europe,19906079.0
Serbia,87,5.12,0.92,0.75,0.2,0.03,0.19,2015,1.01,Europe,7519496.0
Portugal,88,5.1,1.16,0.88,0.51,0.01,0.14,2015,1.14,Europe,10365435.0
Latvia,89,5.1,1.11,0.72,0.3,0.06,0.18,2015,1.1,Europe,1991955.0
Philippines,90,5.07,0.71,0.58,0.63,0.12,0.25,2015,1.04,Asia,103031365.0
Morocco,92,5.01,0.73,0.61,0.42,0.09,0.07,2015,0.64,Africa,34680458.0
North Macedonia,93,5.01,0.92,0.74,0.33,0.05,0.22,2015,1.0,Europe,2107962.0
Mozambique,94,4.97,0.08,0.09,0.34,0.16,0.22,2015,1.03,Africa,26843246.0
Albania,95,4.96,0.88,0.81,0.36,0.06,0.14,2015,0.8,Europe,2882481.0
Bosnia and Herzegovina,96,4.95,0.83,0.79,0.09,0.0,0.25,2015,0.92,Europe,3524324.0
Lesotho,97,4.9,0.38,0.08,0.32,0.13,0.16,2015,1.04,Africa,2118521.0
Dominican Republic,98,4.88,0.9,0.67,0.58,0.14,0.22,2015,1.17,North America,10405832.0
Laos,99,4.88,0.59,0.55,0.6,0.24,0.42,2015,0.74,Asia,6787419.0
Mongolia,100,4.87,0.83,0.6,0.44,0.03,0.33,2015,1.3,Asia,2964749.0
Greece,102,4.86,1.15,0.88,0.08,0.01,0.0,2015,0.93,Europe,10806641.0
Lebanon,103,4.84,1.03,0.84,0.34,0.05,0.22,2015,0.8,Asia,6398940.0
Hungary,104,4.8,1.12,0.76,0.32,0.03,0.13,2015,1.2,Europe,9844246.0
Honduras,105,4.79,0.6,0.7,0.4,0.07,0.23,2015,0.95,North America,9294505.0
Tajikistan,106,4.79,0.39,0.57,0.47,0.15,0.23,2015,0.86,Asia,8524063.0
Tunisia,107,4.74,0.88,0.74,0.26,0.06,0.06,2015,0.6,Africa,11557779.0
Palestine,108,4.72,0.6,0.66,0.24,0.13,0.11,2015,0.93,Asia,4484614.0
Bangladesh,109,4.69,0.4,0.6,0.41,0.13,0.21,2015,0.43,Asia,157830000.0
Iran,110,4.69,1.01,0.7,0.3,0.06,0.38,2015,0.54,Asia,81790841.0
Ukraine,111,4.68,0.8,0.67,0.25,0.03,0.15,2015,1.2,Europe,44982564.0
Iraq,112,4.68,0.99,0.6,0.0,0.14,0.18,2015,0.82,Asia,37757813.0
South Africa,113,4.64,0.92,0.28,0.33,0.09,0.12,2015,1.18,Africa,55876504.0
Ghana,114,4.63,0.55,0.4,0.42,0.04,0.23,2015,0.68,Africa,28870939.0
Zimbabwe,115,4.61,0.27,0.33,0.26,0.08,0.19,2015,1.03,Africa,14154937.0
Liberia,116,4.57,0.07,0.34,0.29,0.06,0.24,2015,0.79,Africa,4612329.0
India,117,4.57,0.64,0.52,0.4,0.08,0.26,2015,0.38,Asia,1322866505.0
Sudan,118,4.55,0.52,0.37,0.1,0.15,0.19,2015,1.01,Africa,38171178.0
Haiti,119,4.52,0.27,0.39,0.24,0.17,0.46,2015,0.74,North America,10563757.0
Nepal,121,4.51,0.36,0.57,0.38,0.06,0.32,2015,0.86,Asia,27610325.0
Ethiopia,122,4.51,0.19,0.44,0.43,0.15,0.24,2015,0.6,Africa,102471895.0
Sierra Leone,123,4.51,0.33,0.0,0.41,0.09,0.21,2015,0.96,Africa,7314773.0
Mauritania,124,4.44,0.45,0.36,0.24,0.17,0.22,2015,0.87,Africa,3946220.0
Kenya,125,4.42,0.36,0.41,0.42,0.06,0.38,2015,1.0,Africa,46851488.0
Djibouti,126,4.37,0.44,0.36,0.46,0.28,0.18,2015,0.59,Africa,1006259.0
Armenia,127,4.35,0.77,0.73,0.2,0.04,0.08,2015,0.78,Asia,2878595.0
Botswana,128,4.33,0.99,0.05,0.49,0.12,0.1,2015,1.1,Africa,2305171.0
Myanmar,129,4.31,0.27,0.48,0.44,0.19,0.8,2015,0.71,Asia,51483949.0
Georgia,130,4.3,0.74,0.73,0.41,0.38,0.06,2015,0.39,Asia,3771132.0
Malawi,131,4.29,0.02,0.23,0.43,0.07,0.33,2015,0.41,Africa,16938942.0
Sri Lanka,132,4.27,0.84,0.71,0.54,0.09,0.41,2015,1.02,Asia,21336697.0
Cameroon,133,4.25,0.42,0.23,0.49,0.06,0.21,2015,0.89,Africa,23012646.0
Bulgaria,134,4.22,1.01,0.77,0.31,0.01,0.12,2015,1.11,Europe,7309253.0
Egypt,135,4.19,0.88,0.62,0.17,0.06,0.11,2015,0.75,Africa,97723799.0
Yemen,136,4.08,0.55,0.4,0.36,0.08,0.09,2015,0.68,Asia,28516545.0
Angola,137,4.03,0.76,0.17,0.1,0.07,0.12,2015,0.86,Africa,28127721.0
Mali,138,4.0,0.26,0.21,0.39,0.12,0.19,2015,1.04,Africa,18112907.0
Comoros,140,3.96,0.24,0.36,0.23,0.2,0.17,2015,0.79,Africa,730216.0
Uganda,141,3.93,0.21,0.34,0.46,0.07,0.29,2015,1.13,Africa,37477356.0
Senegal,142,3.9,0.36,0.44,0.37,0.11,0.21,2015,0.98,Africa,14356181.0
Gabon,143,3.9,1.06,0.43,0.32,0.11,0.07,2015,0.91,Africa,2028517.0
Niger,144,3.84,0.07,0.3,0.48,0.16,0.19,2015,0.77,Africa,20128124.0
Cambodia,145,3.82,0.46,0.61,0.66,0.07,0.4,2015,0.63,Asia,15417523.0
Tanzania,146,3.78,0.29,0.38,0.33,0.06,0.34,2015,1.0,Africa,52542823.0
Madagascar,147,3.68,0.21,0.47,0.19,0.08,0.21,2015,0.67,Africa,24850912.0
Central African Republic,148,3.68,0.08,0.07,0.49,0.08,0.24,2015,0.0,Africa,4819333.0
Chad,149,3.67,0.34,0.15,0.24,0.05,0.18,2015,0.76,Africa,14140274.0
Guinea,150,3.66,0.17,0.24,0.38,0.12,0.29,2015,0.46,Africa,11625998.0
Ivory Coast,151,3.66,0.47,0.15,0.47,0.18,0.2,2015,0.77,Africa,23596741.0
Burkina Faso,152,3.59,0.26,0.27,0.39,0.13,0.22,2015,0.85,Africa,18718019.0
Afghanistan,153,3.58,0.32,0.3,0.23,0.1,0.37,2015,0.3,Asia,33753499.0
Rwanda,154,3.46,0.22,0.43,0.59,0.55,0.23,2015,0.77,Africa,11642959.0
Benin,155,3.34,0.29,0.32,0.48,0.08,0.18,2015,0.35,Africa,10932783.0
Syria,156,3.01,0.66,0.72,0.16,0.19,0.47,2015,0.47,Asia,19205178.0
Burundi,157,2.9,0.02,0.22,0.12,0.1,0.2,2015,0.42,Africa,10727148.0
Togo,158,2.84,0.21,0.28,0.36,0.11,0.17,2015,0.14,Africa,7473229.0
Denmark,1,7.53,1.44,0.8,0.58,0.44,0.36,2016,1.16,Europe,5677796.0
Switzerland,2,7.51,1.53,0.86,0.59,0.41,0.28,2016,1.15,Europe,8281732.0
Iceland,3,7.5,1.43,0.87,0.57,0.15,0.48,2016,1.18,Europe,331060.0
Norway,4,7.5,1.58,0.8,0.6,0.36,0.38,2016,1.13,Europe,5190356.0
Finland,5,7.41,1.41,0.81,0.57,0.41,0.25,2016,1.13,Europe,5479461.0
Canada,6,7.4,1.44,0.83,0.57,0.31,0.45,2016,1.1,North America,35732126.0
Netherlands,7,7.34,1.46,0.81,0.55,0.3,0.47,2016,1.03,Europe,17041107.0
New Zealand,8,7.33,1.36,0.83,0.58,0.42,0.49,2016,1.17,Oceania,4590590.0
Australia,9,7.31,1.44,0.85,0.57,0.32,0.47,2016,1.1,Oceania,23820236.0
Sweden,10,7.29,1.45,0.83,0.58,0.41,0.38,2016,1.09,Europe,9849349.0
Israel,11,7.27,1.34,0.85,0.36,0.09,0.32,2016,1.0,Asia,8007778.0
Austria,12,7.12,1.45,0.81,0.54,0.21,0.33,2016,1.08,Europe,8642421.0
United States,13,7.1,1.51,0.78,0.48,0.15,0.41,2016,1.05,North America,324607776.0
Costa Rica,14,7.09,1.07,0.76,0.55,0.11,0.23,2016,1.02,North America,4895242.0
Puerto Rico,15,7.04,1.36,0.78,0.47,0.12,0.22,2016,1.08,North America,3497335.0
Germany,16,6.99,1.45,0.81,0.53,0.29,0.3,2016,1.1,Europe,82073226.0
Brazil,17,6.95,1.09,0.61,0.4,0.14,0.16,2016,1.04,South America,205188205.0
Belgium,18,6.93,1.43,0.82,0.51,0.26,0.24,2016,1.05,Europe,11248303.0
Ireland,19,6.91,1.48,0.81,0.54,0.3,0.45,2016,1.16,Europe,4665760.0
Luxembourg,20,6.87,1.7,0.85,0.55,0.35,0.28,2016,1.04,Europe,569408.0
Mexico,21,6.78,1.12,0.71,0.38,0.18,0.12,2016,0.71,North America,120149897.0
Singapore,22,6.74,1.65,0.95,0.49,0.47,0.33,2016,0.87,Asia,5650018.0
United Kingdom,23,6.72,1.4,0.81,0.5,0.27,0.5,2016,1.09,Europe,65224364.0
Chile,24,6.7,1.22,0.82,0.38,0.11,0.32,2016,0.91,South America,17870124.0
Panama,25,6.7,1.18,0.71,0.49,0.08,0.24,2016,0.99,North America,3957099.0
Argentina,26,6.65,1.15,0.7,0.42,0.07,0.11,2016,1.07,South America,43257065.0
Czech Republic,27,6.6,1.31,0.76,0.41,0.04,0.1,2016,1.01,Europe,10523798.0
United Arab Emirates,28,6.57,1.57,0.73,0.56,0.36,0.27,2016,0.87,Asia,8916899.0
Uruguay,29,6.54,1.18,0.72,0.54,0.21,0.18,2016,1.03,South America,3402818.0
Malta,30,6.49,1.31,0.8,0.55,0.18,0.56,2016,1.1,Europe,456579.0
Colombia,31,6.48,1.03,0.6,0.45,0.05,0.16,2016,1.02,South America,47119728.0
France,32,6.48,1.39,0.84,0.47,0.18,0.12,2016,1.01,Europe,63809769.0
Thailand,33,6.47,1.09,0.65,0.5,0.03,0.59,2016,1.04,Asia,70294397.0
Saudi Arabia,34,6.38,1.49,0.59,0.38,0.3,0.15,2016,0.85,Asia,32749848.0
Taiwan,34,6.38,1.4,0.8,0.32,0.07,0.25,2016,0.93,Asia,23512136.0
Qatar,36,6.38,1.82,0.72,0.57,0.48,0.32,2016,0.88,Asia,2414573.0
Spain,37,6.36,1.34,0.88,0.38,0.06,0.18,2016,1.13,Europe,46431342.0
Algeria,38,6.36,1.05,0.62,0.21,0.16,0.07,2016,0.83,Africa,39543154.0
Guatemala,39,6.32,0.83,0.54,0.5,0.09,0.29,2016,0.87,North America,16001107.0
Suriname,40,6.27,1.1,0.51,0.52,0.13,0.17,2016,0.78,South America,575475.0
Kuwait,41,6.24,1.62,0.64,0.43,0.24,0.16,2016,0.88,Asia,3908743.0
Bahrain,42,6.22,1.44,0.66,0.47,0.26,0.17,2016,0.94,Asia,1362142.0
Trinidad and Tobago,43,6.17,1.33,0.53,0.48,0.01,0.32,2016,0.99,North America,1460177.0
Venezuela,44,6.08,1.13,0.62,0.2,0.08,0.04,2016,1.03,South America,30529716.0
Slovakia,45,6.08,1.28,0.7,0.23,0.03,0.14,2016,1.08,Europe,5424444.0
El Salvador,46,6.07,0.87,0.6,0.37,0.11,0.09,2016,0.81,North America,6231066.0
Malaysia,47,6.0,1.25,0.62,0.39,0.09,0.41,2016,0.88,Asia,31068833.0
Nicaragua,48,5.99,0.69,0.65,0.47,0.16,0.3,2016,0.9,North America,6298598.0
Uzbekistan,49,5.99,0.74,0.5,0.61,0.28,0.34,2016,1.17,Asia,30949417.0
Italy,50,5.98,1.35,0.85,0.19,0.03,0.17,2016,1.04,Europe,60232906.0
Ecuador,51,5.98,0.97,0.69,0.4,0.18,0.1,2016,0.86,South America,16195902.0
Belize,52,5.96,0.88,0.46,0.51,0.11,0.24,2016,0.69,North America,359871.0
Japan,53,5.92,1.38,0.91,0.47,0.19,0.1,2016,1.06,Asia,127250933.0
Kazakhstan,54,5.92,1.23,0.57,0.41,0.11,0.15,2016,0.96,Asia,17835909.0
Moldova,55,5.9,0.69,0.52,0.25,0.02,0.2,2016,0.83,Europe,3277388.0
Russia,56,5.86,1.23,0.59,0.33,0.04,0.03,2016,1.05,Europe,144668389.0
Poland,57,5.84,1.25,0.69,0.45,0.06,0.14,2016,1.05,Europe,38553146.0
South Korea,57,5.84,1.36,0.89,0.25,0.08,0.19,2016,0.72,Asia,50994401.0
Bolivia,59,5.82,0.79,0.47,0.51,0.08,0.22,2016,0.84,South America,11090085.0
Lithuania,60,5.81,1.27,0.65,0.19,0.02,0.02,2016,1.06,Europe,2963765.0
Belarus,61,5.8,1.13,0.63,0.29,0.17,0.14,2016,1.05,Europe,9700609.0
Slovenia,63,5.77,1.3,0.79,0.53,0.04,0.26,2016,1.06,Europe,2080862.0
Peru,64,5.74,1.0,0.63,0.38,0.05,0.15,2016,0.81,South America,30711863.0
Turkmenistan,65,5.66,1.08,0.44,0.37,0.28,0.23,2016,1.04,Asia,5766431.0
Mauritius,66,5.65,1.14,0.66,0.46,0.05,0.37,2016,0.76,Africa,1293153.0
Libya,67,5.62,1.07,0.52,0.41,0.1,0.17,2016,0.95,Africa,6192235.0
Latvia,68,5.56,1.22,0.64,0.28,0.09,0.17,2016,0.95,Europe,1991955.0
Cyprus,69,5.55,1.32,0.85,0.3,0.05,0.28,2016,0.71,Europe,1187280.0
Paraguay,70,5.54,0.89,0.58,0.46,0.07,0.25,2016,1.11,South America,6177950.0
Romania,71,5.53,1.17,0.68,0.37,0.01,0.13,2016,0.73,Europe,19906079.0
Estonia,72,5.52,1.28,0.68,0.42,0.19,0.08,2016,1.05,Europe,1314657.0
Jamaica,73,5.51,0.89,0.59,0.44,0.04,0.22,2016,0.96,North America,2794445.0
Croatia,74,5.49,1.19,0.71,0.24,0.04,0.18,2016,0.61,Europe,4254815.0
Hong Kong,75,5.46,1.51,0.95,0.48,0.32,0.4,2016,0.87,Asia,7399838.0
Somalia,76,5.44,0.0,0.11,0.57,0.31,0.27,2016,0.34,Africa,13763906.0
Turkey,78,5.39,1.16,0.65,0.24,0.12,0.05,2016,0.88,Asia,79646178.0
Indonesia,79,5.31,0.95,0.49,0.39,0.0,0.57,2016,0.88,Asia,259091970.0
Jordan,80,5.3,1.0,0.61,0.36,0.13,0.14,2016,0.86,Asia,9494246.0
Azerbaijan,81,5.29,1.12,0.55,0.35,0.18,0.06,2016,0.76,Asia,9863480.0
Philippines,82,5.28,0.81,0.47,0.55,0.12,0.22,2016,0.88,Asia,103031365.0
China,83,5.24,1.03,0.74,0.44,0.03,0.05,2016,0.79,Asia,1393715448.0
Bhutan,84,5.2,0.85,0.5,0.46,0.16,0.49,2016,0.91,Asia,743274.0
Kyrgyzstan,85,5.18,0.56,0.55,0.4,0.05,0.38,2016,0.95,Asia,5914980.0
Serbia,86,5.18,1.03,0.65,0.16,0.04,0.21,2016,0.81,Europe,7519496.0
Bosnia and Herzegovina,87,5.16,0.93,0.71,0.1,0.0,0.3,2016,0.64,Europe,3524324.0
Montenegro,88,5.16,1.08,0.64,0.15,0.13,0.17,2016,0.74,Europe,633966.0
Dominican Republic,89,5.16,1.03,0.58,0.52,0.12,0.21,2016,0.99,North America,10405832.0
Morocco,90,5.15,0.84,0.59,0.26,0.08,0.04,2016,0.39,Africa,34680458.0
Hungary,91,5.14,1.24,0.68,0.2,0.04,0.1,2016,0.93,Europe,9844246.0
Pakistan,92,5.13,0.69,0.4,0.15,0.14,0.31,2016,0.26,Asia,210969298.0
Lebanon,93,5.13,1.12,0.76,0.26,0.03,0.24,2016,0.64,Asia,6398940.0
Portugal,94,5.12,1.28,0.79,0.45,0.02,0.12,2016,0.94,Europe,10365435.0
North Macedonia,95,5.12,1.02,0.65,0.28,0.07,0.24,2016,0.78,Europe,2107962.0
Vietnam,96,5.06,0.74,0.66,0.56,0.12,0.25,2016,0.79,Asia,92191398.0
Tunisia,98,5.04,0.98,0.6,0.24,0.08,0.04,2016,0.43,Africa,11557779.0
Greece,99,5.03,1.25,0.8,0.06,0.04,0.0,2016,0.75,Europe,10806641.0
Tajikistan,100,5.0,0.49,0.53,0.43,0.14,0.26,2016,0.76,Asia,8524063.0
Mongolia,101,4.91,0.99,0.55,0.36,0.03,0.35,2016,1.09,Asia,2964749.0
Laos,102,4.88,0.68,0.38,0.52,0.22,0.43,2016,0.55,Asia,6787419.0
Nigeria,103,4.88,0.75,0.05,0.28,0.03,0.23,2016,0.64,Africa,183995785.0
Honduras,104,4.87,0.69,0.58,0.27,0.07,0.2,2016,0.76,North America,9294505.0
Iran,105,4.81,1.12,0.64,0.23,0.06,0.39,2016,0.39,Asia,81790841.0
Zambia,106,4.8,0.61,0.24,0.43,0.11,0.18,2016,0.64,Africa,16248230.0
Nepal,107,4.79,0.45,0.5,0.37,0.07,0.38,2016,0.7,Asia,27610325.0
Palestine,108,4.75,0.67,0.57,0.18,0.11,0.11,2016,0.72,Asia,4484614.0
Albania,109,4.66,0.96,0.73,0.32,0.05,0.17,2016,0.5,Europe,2882481.0
Bangladesh,110,4.64,0.54,0.53,0.4,0.13,0.19,2016,0.25,Asia,157830000.0
Sierra Leone,111,4.64,0.36,0.0,0.31,0.08,0.24,2016,0.63,Africa,7314773.0
Iraq,112,4.58,1.07,0.51,0.25,0.14,0.2,2016,0.59,Asia,37757813.0
Namibia,113,4.57,0.93,0.35,0.49,0.1,0.08,2016,0.7,Africa,2282704.0
Cameroon,114,4.51,0.52,0.13,0.43,0.06,0.23,2016,0.63,Africa,23012646.0
Ethiopia,115,4.51,0.29,0.35,0.37,0.17,0.3,2016,0.38,Africa,102471895.0
South Africa,116,4.46,1.02,0.19,0.42,0.08,0.14,2016,0.96,Africa,55876504.0
Sri Lanka,117,4.42,0.97,0.62,0.51,0.08,0.47,2016,0.85,Asia,21336697.0
India,118,4.4,0.74,0.45,0.4,0.09,0.25,2016,0.29,Asia,1322866505.0
Myanmar,119,4.39,0.34,0.4,0.43,0.2,0.82,2016,0.7,Asia,51483949.0
Egypt,120,4.36,0.95,0.52,0.19,0.1,0.13,2016,0.5,Africa,97723799.0
Armenia,121,4.36,0.86,0.64,0.14,0.04,0.08,2016,0.62,Asia,2878595.0
Kenya,122,4.36,0.52,0.3,0.41,0.07,0.41,2016,0.76,Africa,46851488.0
Ukraine,123,4.32,0.87,0.59,0.13,0.02,0.2,2016,1.01,Europe,44982564.0
Ghana,124,4.28,0.63,0.3,0.41,0.03,0.21,2016,0.49,Africa,28870939.0
Georgia,126,4.25,0.84,0.64,0.32,0.32,0.07,2016,0.19,Asia,3771132.0
Senegal,128,4.22,0.44,0.4,0.31,0.12,0.19,2016,0.77,Africa,14356181.0
Bulgaria,129,4.22,1.11,0.68,0.21,0.01,0.13,2016,0.93,Europe,7309253.0
Mauritania,130,4.2,0.61,0.29,0.13,0.18,0.23,2016,0.84,Africa,3946220.0
Zimbabwe,131,4.19,0.35,0.16,0.25,0.09,0.19,2016,0.71,Africa,14154937.0
Malawi,132,4.16,0.09,0.29,0.41,0.08,0.31,2016,0.15,Africa,16938942.0
Sudan,133,4.14,0.63,0.3,0.0,0.1,0.18,2016,0.82,Africa,38171178.0
Gabon,134,4.12,1.16,0.35,0.28,0.09,0.06,2016,0.72,Africa,2028517.0
Mali,135,4.07,0.31,0.16,0.28,0.14,0.21,2016,0.86,Africa,18112907.0
Haiti,136,4.03,0.34,0.27,0.12,0.14,0.48,2016,0.3,North America,10563757.0
Botswana,137,3.97,1.09,0.35,0.44,0.11,0.12,2016,0.89,Africa,2305171.0
Comoros,138,3.96,0.28,0.3,0.15,0.18,0.18,2016,0.6,Africa,730216.0
Ivory Coast,139,3.92,0.56,0.04,0.41,0.16,0.2,2016,0.58,Africa,23596741.0
Cambodia,140,3.91,0.56,0.42,0.59,0.08,0.4,2016,0.54,Asia,15417523.0
Angola,141,3.87,0.85,0.05,0.01,0.08,0.12,2016,0.66,Africa,28127721.0
Niger,142,3.86,0.13,0.26,0.38,0.17,0.21,2016,0.61,Africa,20128124.0
South Sudan,143,3.83,0.39,0.16,0.2,0.13,0.26,2016,0.19,Africa,11194299.0
Chad,144,3.76,0.42,0.04,0.13,0.05,0.19,2016,0.63,Africa,14140274.0
Burkina Faso,145,3.74,0.32,0.21,0.33,0.13,0.24,2016,0.63,Africa,18718019.0
Uganda,145,3.74,0.35,0.2,0.44,0.06,0.27,2016,0.91,Africa,37477356.0
Yemen,147,3.72,0.58,0.31,0.23,0.06,0.1,2016,0.47,Asia,28516545.0
Madagascar,148,3.7,0.28,0.37,0.14,0.08,0.22,2016,0.46,Africa,24850912.0
Tanzania,149,3.67,0.47,0.36,0.32,0.05,0.31,2016,0.78,Africa,52542823.0
Liberia,150,3.62,0.11,0.23,0.26,0.05,0.24,2016,0.5,Africa,4612329.0
Guinea,151,3.61,0.22,0.19,0.31,0.12,0.3,2016,0.31,Africa,11625998.0
Rwanda,152,3.52,0.33,0.32,0.54,0.51,0.24,2016,0.62,Africa,11642959.0
Benin,153,3.48,0.39,0.21,0.4,0.07,0.2,2016,0.1,Africa,10932783.0
Afghanistan,154,3.36,0.38,0.17,0.16,0.07,0.31,2016,0.11,Asia,33753499.0
Togo,155,3.3,0.28,0.25,0.35,0.12,0.18,2016,0.0,Africa,7473229.0
Syria,156,3.07,0.75,0.63,0.07,0.17,0.48,2016,0.15,Asia,19205178.0
Burundi,157,2.9,0.07,0.16,0.04,0.09,0.2,2016,0.23,Africa,10727148.0
Norway,1,7.5,1.6,0.8,0.6,0.3,0.4,2017,1.5,Europe,5190356.0
Denmark,2,7.5,1.5,0.8,0.6,0.4,0.4,2017,1.6,Europe,5677796.0
Iceland,3,7.5,1.5,0.8,0.6,0.2,0.5,2017,1.6,Europe,331060.0
Switzerland,4,7.5,1.6,0.9,0.6,0.4,0.3,2017,1.5,Europe,8281732.0
Finland,5,7.5,1.4,0.8,0.6,0.4,0.2,2017,1.5,Europe,5479461.0
Netherlands,6,7.4,1.5,0.8,0.6,0.3,0.5,2017,1.4,Europe,17041107.0
Canada,7,7.3,1.5,0.8,0.6,0.3,0.4,2017,1.5,North America,35732126.0
New Zealand,8,7.3,1.4,0.8,0.6,0.4,0.5,2017,1.5,Oceania,4590590.0
Sweden,9,7.3,1.5,0.8,0.6,0.4,0.4,2017,1.5,Europe,9849349.0
Australia,10,7.3,1.5,0.8,0.6,0.3,0.5,2017,1.5,Oceania,23820236.0
Israel,11,7.2,1.4,0.8,0.4,0.1,0.3,2017,1.4,Asia,8007778.0
Costa Rica,12,7.1,1.1,0.8,0.6,0.1,0.2,2017,1.4,North America,4895242.0
Austria,13,7.0,1.5,0.8,0.6,0.2,0.3,2017,1.5,Europe,8642421.0
United States,14,7.0,1.5,0.8,0.5,0.1,0.4,2017,1.4,North America,324607776.0
Ireland,15,7.0,1.5,0.8,0.6,0.3,0.4,2017,1.6,Europe,4665760.0
Germany,16,7.0,1.5,0.8,0.6,0.3,0.3,2017,1.5,Europe,82073226.0
Belgium,17,6.9,1.5,0.8,0.5,0.3,0.2,2017,1.5,Europe,11248303.0
Luxembourg,18,6.9,1.7,0.8,0.6,0.3,0.3,2017,1.5,Europe,569408.0
United Kingdom,19,6.7,1.4,0.8,0.5,0.3,0.5,2017,1.5,Europe,65224364.0
Chile,20,6.7,1.3,0.8,0.4,0.1,0.3,2017,1.3,South America,17870124.0
United Arab Emirates,21,6.6,1.6,0.7,0.6,0.3,0.4,2017,1.3,Asia,8916899.0
Brazil,22,6.6,1.1,0.6,0.4,0.1,0.2,2017,1.4,South America,205188205.0
Czech Republic,23,6.6,1.4,0.8,0.5,0.0,0.1,2017,1.4,Europe,10523798.0
Argentina,24,6.6,1.2,0.7,0.5,0.1,0.1,2017,1.4,South America,43257065.0
Mexico,25,6.6,1.2,0.7,0.4,0.1,0.1,2017,1.2,North America,120149897.0
Singapore,26,6.6,1.7,0.9,0.5,0.5,0.3,2017,1.4,Asia,5650018.0
Malta,27,6.5,1.3,0.8,0.6,0.2,0.6,2017,1.5,Europe,456579.0
Uruguay,28,6.5,1.2,0.7,0.6,0.2,0.2,2017,1.4,South America,3402818.0
Guatemala,29,6.5,0.9,0.5,0.5,0.1,0.3,2017,1.3,North America,16001107.0
Panama,30,6.5,1.2,0.7,0.6,0.1,0.2,2017,1.4,North America,3957099.0
France,31,6.4,1.4,0.8,0.5,0.2,0.1,2017,1.4,Europe,63809769.0
Thailand,32,6.4,1.1,0.6,0.6,0.0,0.6,2017,1.4,Asia,70294397.0
Taiwan,33,6.4,1.4,0.8,0.4,0.1,0.3,2017,1.4,Asia,23512136.0
Spain,34,6.4,1.4,0.9,0.4,0.1,0.2,2017,1.5,Europe,46431342.0
Qatar,35,6.4,1.9,0.7,0.6,0.4,0.3,2017,1.3,Asia,2414573.0
Colombia,36,6.4,1.1,0.6,0.5,0.0,0.1,2017,1.4,South America,47119728.0
Saudi Arabia,37,6.3,1.5,0.6,0.4,0.3,0.1,2017,1.3,Asia,32749848.0
Trinidad and Tobago,38,6.2,1.4,0.5,0.5,0.0,0.3,2017,1.4,North America,1460177.0
Kuwait,39,6.1,1.6,0.6,0.5,0.2,0.2,2017,1.3,Asia,3908743.0
Slovakia,40,6.1,1.3,0.7,0.3,0.0,0.1,2017,1.5,Europe,5424444.0
Bahrain,41,6.1,1.5,0.7,0.5,0.3,0.2,2017,1.3,Asia,1362142.0
Malaysia,42,6.1,1.3,0.6,0.4,0.1,0.4,2017,1.3,Asia,31068833.0
Nicaragua,43,6.1,0.7,0.7,0.4,0.1,0.3,2017,1.3,North America,6298598.0
Ecuador,44,6.0,1.0,0.7,0.5,0.1,0.2,2017,1.3,South America,16195902.0
El Salvador,45,6.0,0.9,0.6,0.4,0.1,0.1,2017,1.2,North America,6231066.0
Poland,46,6.0,1.3,0.7,0.5,0.1,0.2,2017,1.4,Europe,38553146.0
Uzbekistan,47,6.0,0.8,0.5,0.7,0.2,0.4,2017,1.5,Asia,30949417.0
Italy,48,6.0,1.4,0.9,0.3,0.0,0.2,2017,1.4,Europe,60232906.0
Russia,49,6.0,1.3,0.5,0.4,0.0,0.1,2017,1.5,Europe,144668389.0
Belize,50,6.0,0.9,0.5,0.5,0.1,0.2,2017,1.1,North America,359871.0
Japan,51,5.9,1.4,0.9,0.5,0.2,0.1,2017,1.4,Asia,127250933.0
Lithuania,52,5.9,1.3,0.6,0.2,0.0,0.0,2017,1.5,Europe,2963765.0
Algeria,53,5.9,1.1,0.6,0.2,0.1,0.1,2017,1.1,Africa,39543154.0
Latvia,54,5.8,1.3,0.6,0.3,0.1,0.2,2017,1.4,Europe,1991955.0
South Korea,55,5.8,1.4,0.9,0.3,0.1,0.2,2017,1.1,Asia,50994401.0
Moldova,56,5.8,0.7,0.6,0.2,0.0,0.2,2017,1.3,Europe,3277388.0
Romania,57,5.8,1.2,0.7,0.5,0.0,0.1,2017,1.2,Europe,19906079.0
Bolivia,58,5.8,0.8,0.5,0.6,0.1,0.2,2017,1.2,South America,11090085.0
Turkmenistan,59,5.8,1.1,0.4,0.4,0.3,0.2,2017,1.5,Asia,5766431.0
Kazakhstan,60,5.8,1.3,0.6,0.4,0.1,0.2,2017,1.4,Asia,17835909.0
Slovenia,62,5.8,1.3,0.8,0.6,0.0,0.2,2017,1.5,Europe,2080862.0
Peru,63,5.7,1.0,0.6,0.5,0.0,0.1,2017,1.2,South America,30711863.0
Mauritius,64,5.6,1.2,0.6,0.5,0.0,0.4,2017,1.2,Africa,1293153.0
Cyprus,65,5.6,1.4,0.8,0.4,0.0,0.3,2017,1.1,Europe,1187280.0
Estonia,66,5.6,1.3,0.7,0.5,0.2,0.1,2017,1.5,Europe,1314657.0
Belarus,67,5.6,1.2,0.6,0.3,0.2,0.2,2017,1.4,Europe,9700609.0
Libya,68,5.5,1.1,0.5,0.5,0.1,0.2,2017,1.4,Africa,6192235.0
Turkey,69,5.5,1.2,0.6,0.3,0.1,0.0,2017,1.3,Asia,79646178.0
Paraguay,70,5.5,0.9,0.6,0.5,0.1,0.2,2017,1.5,South America,6177950.0
Hong Kong,71,5.5,1.6,0.9,0.5,0.3,0.4,2017,1.3,Asia,7399838.0
Philippines,72,5.4,0.9,0.5,0.6,0.1,0.2,2017,1.3,Asia,103031365.0
Serbia,73,5.4,1.1,0.7,0.2,0.0,0.2,2017,1.3,Europe,7519496.0
Jordan,74,5.3,1.0,0.6,0.4,0.1,0.2,2017,1.2,Asia,9494246.0
Hungary,75,5.3,1.3,0.7,0.2,0.0,0.1,2017,1.3,Europe,9844246.0
Jamaica,76,5.3,0.9,0.6,0.5,0.1,0.2,2017,1.4,North America,2794445.0
Croatia,77,5.3,1.2,0.7,0.3,0.0,0.2,2017,1.0,Europe,4254815.0
China,79,5.3,1.1,0.7,0.5,0.0,0.0,2017,1.2,Asia,1393715448.0
Pakistan,80,5.3,0.7,0.4,0.2,0.1,0.3,2017,0.7,Asia,210969298.0
Indonesia,81,5.3,1.0,0.5,0.4,0.0,0.6,2017,1.3,Asia,259091970.0
Venezuela,82,5.2,1.1,0.6,0.2,0.1,0.1,2017,1.4,South America,30529716.0
Montenegro,83,5.2,1.1,0.7,0.2,0.1,0.2,2017,1.2,Europe,633966.0
Morocco,84,5.2,0.9,0.6,0.4,0.1,0.0,2017,0.8,Africa,34680458.0
Azerbaijan,85,5.2,1.2,0.5,0.4,0.2,0.0,2017,1.2,Asia,9863480.0
Dominican Republic,86,5.2,1.1,0.6,0.6,0.1,0.2,2017,1.4,North America,10405832.0
Greece,87,5.2,1.3,0.8,0.1,0.0,0.0,2017,1.2,Europe,10806641.0
Lebanon,88,5.2,1.1,0.7,0.3,0.0,0.3,2017,1.1,Asia,6398940.0
Portugal,89,5.2,1.3,0.8,0.5,0.0,0.1,2017,1.4,Europe,10365435.0
Bosnia and Herzegovina,90,5.2,1.0,0.7,0.2,0.0,0.3,2017,1.1,Europe,3524324.0
Honduras,91,5.2,0.7,0.6,0.3,0.1,0.2,2017,1.1,North America,9294505.0
North Macedonia,92,5.2,1.1,0.6,0.3,0.1,0.3,2017,1.2,Europe,2107962.0
Somalia,93,5.2,0.0,0.1,0.6,0.3,0.3,2017,0.7,Africa,13763906.0
Vietnam,94,5.1,0.8,0.7,0.6,0.1,0.2,2017,1.3,Asia,92191398.0
Nigeria,95,5.1,0.8,0.1,0.4,0.0,0.2,2017,1.2,Africa,183995785.0
Tajikistan,96,5.0,0.5,0.5,0.5,0.1,0.2,2017,1.3,Asia,8524063.0
Bhutan,97,5.0,0.9,0.5,0.5,0.2,0.5,2017,1.3,Asia,743274.0
Kyrgyzstan,98,5.0,0.6,0.6,0.5,0.0,0.4,2017,1.4,Asia,5914980.0
Nepal,99,5.0,0.5,0.5,0.4,0.1,0.4,2017,1.2,Asia,27610325.0
Mongolia,100,5.0,1.0,0.6,0.4,0.0,0.3,2017,1.5,Asia,2964749.0
South Africa,101,4.8,1.1,0.2,0.5,0.1,0.1,2017,1.4,Africa,55876504.0
Tunisia,102,4.8,1.0,0.6,0.3,0.1,0.0,2017,0.9,Africa,11557779.0
Palestine,103,4.8,0.7,0.6,0.3,0.1,0.1,2017,1.2,Asia,4484614.0
Egypt,104,4.7,1.0,0.5,0.3,0.1,0.1,2017,1.0,Africa,97723799.0
Bulgaria,105,4.7,1.2,0.7,0.3,0.0,0.1,2017,1.4,Europe,7309253.0
Sierra Leone,106,4.7,0.4,0.0,0.3,0.1,0.3,2017,1.0,Africa,7314773.0
Cameroon,107,4.7,0.6,0.1,0.4,0.1,0.2,2017,0.9,Africa,23012646.0
Iran,108,4.7,1.2,0.6,0.2,0.0,0.4,2017,0.7,Asia,81790841.0
Albania,109,4.6,1.0,0.7,0.4,0.0,0.2,2017,0.8,Europe,2882481.0
Bangladesh,110,4.6,0.6,0.5,0.5,0.1,0.2,2017,0.7,Asia,157830000.0
Namibia,111,4.6,1.0,0.3,0.5,0.1,0.1,2017,1.1,Africa,2282704.0
Kenya,112,4.6,0.6,0.3,0.5,0.1,0.4,2017,1.1,Africa,46851488.0
Mozambique,113,4.6,0.2,0.1,0.5,0.2,0.3,2017,0.9,Africa,26843246.0
Myanmar,114,4.5,0.4,0.4,0.5,0.2,0.8,2017,1.1,Asia,51483949.0
Senegal,115,4.5,0.5,0.4,0.4,0.1,0.2,2017,1.2,Africa,14356181.0
Zambia,116,4.5,0.6,0.3,0.5,0.1,0.2,2017,1.0,Africa,16248230.0
Iraq,117,4.5,1.1,0.5,0.3,0.1,0.2,2017,1.0,Asia,37757813.0
Gabon,118,4.5,1.2,0.4,0.3,0.1,0.0,2017,1.2,Africa,2028517.0
Ethiopia,119,4.5,0.3,0.4,0.4,0.2,0.3,2017,0.9,Africa,102471895.0
Sri Lanka,120,4.4,1.0,0.6,0.6,0.1,0.5,2017,1.3,Asia,21336697.0
Armenia,121,4.4,0.9,0.6,0.2,0.0,0.1,2017,1.0,Asia,2878595.0
India,122,4.3,0.8,0.5,0.5,0.1,0.2,2017,0.8,Asia,1322866505.0
Mauritania,123,4.3,0.6,0.3,0.1,0.1,0.2,2017,1.3,Africa,3946220.0
Georgia,125,4.3,1.0,0.6,0.3,0.3,0.1,2017,0.6,Asia,3771132.0
Mali,127,4.2,0.5,0.2,0.3,0.1,0.2,2017,1.3,Africa,18112907.0
Ivory Coast,128,4.2,0.6,0.0,0.4,0.1,0.2,2017,0.9,Africa,23596741.0
Cambodia,129,4.2,0.6,0.4,0.6,0.1,0.4,2017,1.0,Asia,15417523.0
Sudan,130,4.1,0.7,0.3,0.0,0.1,0.2,2017,1.2,Africa,38171178.0
Ghana,131,4.1,0.7,0.3,0.4,0.0,0.3,2017,0.9,Africa,28870939.0
Ukraine,132,4.1,0.9,0.6,0.1,0.0,0.3,2017,1.4,Europe,44982564.0
Uganda,133,4.1,0.4,0.2,0.4,0.1,0.3,2017,1.1,Africa,37477356.0
Burkina Faso,134,4.0,0.4,0.2,0.3,0.1,0.3,2017,1.0,Africa,18718019.0
Niger,135,4.0,0.2,0.3,0.4,0.1,0.2,2017,1.0,Africa,20128124.0
Malawi,136,4.0,0.2,0.3,0.5,0.1,0.3,2017,0.5,Africa,16938942.0
Chad,137,3.9,0.4,0.0,0.2,0.1,0.2,2017,1.0,Africa,14140274.0
Zimbabwe,138,3.9,0.4,0.2,0.3,0.1,0.2,2017,1.1,Africa,14154937.0
Lesotho,139,3.8,0.5,0.0,0.4,0.1,0.2,2017,1.2,Africa,2118521.0
Angola,140,3.8,0.9,0.0,0.0,0.1,0.1,2017,1.1,Africa,28127721.0
Afghanistan,141,3.8,0.4,0.2,0.1,0.1,0.3,2017,0.6,Asia,33753499.0
Botswana,142,3.8,1.1,0.3,0.5,0.1,0.1,2017,1.2,Africa,2305171.0
Benin,143,3.7,0.4,0.2,0.4,0.1,0.2,2017,0.4,Africa,10932783.0
Madagascar,144,3.6,0.3,0.4,0.2,0.1,0.2,2017,0.9,Africa,24850912.0
Haiti,145,3.6,0.4,0.3,0.0,0.1,0.5,2017,0.6,North America,10563757.0
Yemen,146,3.6,0.6,0.3,0.2,0.1,0.1,2017,0.9,Asia,28516545.0
South Sudan,147,3.6,0.4,0.2,0.1,0.1,0.3,2017,0.6,Africa,11194299.0
Liberia,148,3.5,0.1,0.2,0.3,0.0,0.3,2017,0.9,Africa,4612329.0
Guinea,149,3.5,0.2,0.2,0.3,0.1,0.3,2017,0.8,Africa,11625998.0
Togo,150,3.5,0.3,0.2,0.4,0.1,0.2,2017,0.4,Africa,7473229.0
Rwanda,151,3.5,0.4,0.3,0.6,0.5,0.3,2017,0.9,Africa,11642959.0
Syria,152,3.5,0.8,0.5,0.1,0.2,0.5,2017,0.4,Asia,19205178.0
Tanzania,153,3.3,0.5,0.4,0.4,0.1,0.4,2017,1.0,Africa,52542823.0
Burundi,154,2.9,0.1,0.2,0.1,0.1,0.2,2017,0.6,Africa,10727148.0
Central African Republic,155,2.7,0.0,0.0,0.3,0.1,0.3,2017,0.0,Africa,4819333.0
Finland,1,7.63,1.3,0.87,0.68,0.39,0.2,2018,1.59,Europe,5479461.0
Norway,2,7.59,1.46,0.86,0.69,0.34,0.29,2018,1.58,Europe,5190356.0
Denmark,3,7.56,1.35,0.87,0.68,0.41,0.28,2018,1.59,Europe,5677796.0
Iceland,4,7.5,1.34,0.91,0.68,0.14,0.35,2018,1.64,Europe,331060.0
Switzerland,5,7.49,1.42,0.93,0.66,0.36,0.26,2018,1.55,Europe,8281732.0
Netherlands,6,7.44,1.36,0.88,0.64,0.3,0.33,2018,1.49,Europe,17041107.0
Canada,7,7.33,1.33,0.9,0.65,0.29,0.32,2018,1.53,North America,35732126.0
New Zealand,8,7.32,1.27,0.88,0.67,0.39,0.36,2018,1.6,Oceania,4590590.0
Sweden,9,7.31,1.36,0.91,0.66,0.38,0.28,2018,1.5,Europe,9849349.0
Australia,10,7.27,1.34,0.91,0.65,0.3,0.36,2018,1.57,Oceania,23820236.0
United Kingdom,11,7.19,1.24,0.89,0.46,0.08,0.26,2018,1.43,Europe,65224364.0
Austria,12,7.14,1.34,0.89,0.62,0.22,0.24,2018,1.5,Europe,8642421.0
Costa Rica,13,7.07,1.01,0.82,0.63,0.1,0.14,2018,1.46,North America,4895242.0
Ireland,14,6.98,1.45,0.88,0.61,0.31,0.31,2018,1.58,Europe,4665760.0
Germany,15,6.96,1.34,0.86,0.59,0.28,0.27,2018,1.47,Europe,82073226.0
Belgium,16,6.93,1.32,0.89,0.58,0.24,0.19,2018,1.48,Europe,11248303.0
Luxembourg,17,6.91,1.58,0.9,0.63,0.32,0.2,2018,1.52,Europe,569408.0
United States,18,6.89,1.4,0.82,0.55,0.13,0.29,2018,1.47,North America,324607776.0
Israel,19,6.81,1.3,0.88,0.53,0.27,0.35,2018,1.56,Asia,8007778.0
Czech Republic,21,6.71,1.23,0.85,0.54,0.03,0.06,2018,1.49,Europe,10523798.0
Malta,22,6.63,1.27,0.88,0.64,0.14,0.38,2018,1.52,Europe,456579.0
France,23,6.49,1.29,0.91,0.52,0.18,0.1,2018,1.47,Europe,63809769.0
Mexico,24,6.49,1.04,0.76,0.48,0.1,0.07,2018,1.25,North America,120149897.0
Chile,25,6.48,1.13,0.81,0.43,0.06,0.2,2018,1.33,South America,17870124.0
Taiwan,26,6.44,1.36,0.86,0.42,0.08,0.15,2018,1.44,Asia,23512136.0
Panama,27,6.43,1.11,0.76,0.6,0.06,0.12,2018,1.44,North America,3957099.0
Brazil,28,6.42,0.99,0.68,0.49,0.09,0.11,2018,1.47,South America,205188205.0
Argentina,29,6.39,1.07,0.74,0.57,0.05,0.06,2018,1.47,South America,43257065.0
Guatemala,30,6.38,0.78,0.61,0.6,0.07,0.18,2018,1.27,North America,16001107.0
Uruguay,31,6.38,1.09,0.77,0.62,0.16,0.13,2018,1.46,South America,3402818.0
Qatar,32,6.37,1.65,0.75,0.65,0.17,0.26,2018,1.3,Asia,2414573.0
Saudi Arabia,33,6.37,1.38,0.63,0.51,0.13,0.1,2018,1.33,Asia,32749848.0
Singapore,34,6.34,1.53,1.01,0.63,0.46,0.26,2018,1.45,Asia,5650018.0
Malaysia,35,6.32,1.16,0.67,0.36,0.06,0.31,2018,1.26,Asia,31068833.0
Spain,36,6.31,1.25,0.96,0.45,0.07,0.14,2018,1.54,Europe,46431342.0
Colombia,37,6.26,0.96,0.64,0.53,0.04,0.1,2018,1.44,South America,47119728.0
Trinidad and Tobago,38,6.19,1.22,0.56,0.57,0.02,0.17,2018,1.49,North America,1460177.0
Slovakia,39,6.17,1.21,0.78,0.35,0.01,0.12,2018,1.54,Europe,5424444.0
El Salvador,40,6.17,0.81,0.64,0.46,0.08,0.06,2018,1.23,North America,6231066.0
Nicaragua,41,6.14,0.67,0.7,0.53,0.13,0.21,2018,1.32,North America,6298598.0
Poland,42,6.12,1.18,0.78,0.55,0.06,0.11,2018,1.45,Europe,38553146.0
Bahrain,43,6.1,1.34,0.7,0.59,0.12,0.24,2018,1.37,Asia,1362142.0
Uzbekistan,44,6.1,0.72,0.6,0.72,0.26,0.33,2018,1.58,Asia,30949417.0
Kuwait,45,6.08,1.47,0.68,0.55,0.11,0.17,2018,1.3,Asia,3908743.0
Thailand,46,6.07,1.02,0.71,0.64,0.03,0.36,2018,1.42,Asia,70294397.0
Italy,47,6.0,1.26,0.95,0.28,0.03,0.14,2018,1.5,Europe,60232906.0
Ecuador,48,5.97,0.89,0.74,0.56,0.12,0.11,2018,1.33,South America,16195902.0
Belize,49,5.96,0.81,0.47,0.59,0.09,0.18,2018,1.1,North America,359871.0
Lithuania,50,5.95,1.2,0.72,0.35,0.01,0.03,2018,1.53,Europe,2963765.0
Slovenia,51,5.95,1.22,0.86,0.63,0.05,0.16,2018,1.51,Europe,2080862.0
Romania,52,5.94,1.12,0.73,0.53,0.0,0.09,2018,1.22,Europe,19906079.0
Latvia,53,5.93,1.15,0.67,0.36,0.07,0.09,2018,1.45,Europe,1991955.0
Japan,54,5.92,1.29,0.99,0.55,0.15,0.08,2018,1.46,Asia,127250933.0
Mauritius,55,5.89,1.09,0.68,0.58,0.05,0.24,2018,1.39,Africa,1293153.0
Jamaica,56,5.89,0.82,0.69,0.57,0.03,0.1,2018,1.49,North America,2794445.0
South Korea,57,5.88,1.27,0.96,0.24,0.05,0.18,2018,1.2,Asia,50994401.0
Russia,59,5.81,1.15,0.6,0.4,0.02,0.06,2018,1.48,Europe,144668389.0
Kazakhstan,60,5.79,1.14,0.63,0.45,0.12,0.15,2018,1.52,Asia,17835909.0
Cyprus,61,5.76,1.23,0.91,0.42,0.04,0.2,2018,1.19,Europe,1187280.0
Bolivia,62,5.75,0.75,0.51,0.61,0.05,0.14,2018,1.22,South America,11090085.0
Estonia,63,5.74,1.2,0.74,0.55,0.17,0.09,2018,1.53,Europe,1314657.0
Paraguay,64,5.68,0.84,0.62,0.54,0.07,0.16,2018,1.52,South America,6177950.0
Peru,65,5.66,0.93,0.67,0.53,0.03,0.09,2018,1.25,South America,30711863.0
Moldova,67,5.64,0.66,0.62,0.23,0.0,0.17,2018,1.3,Europe,3277388.0
Turkmenistan,68,5.64,1.02,0.52,0.42,0.04,0.2,2018,1.53,Asia,5766431.0
Hungary,69,5.62,1.17,0.73,0.26,0.02,0.06,2018,1.4,Europe,9844246.0
Libya,70,5.57,0.98,0.55,0.5,0.15,0.12,2018,1.35,Africa,6192235.0
Philippines,71,5.52,0.78,0.51,0.64,0.1,0.12,2018,1.31,Asia,103031365.0
Honduras,72,5.5,0.62,0.62,0.46,0.07,0.2,2018,1.2,North America,9294505.0
Belarus,73,5.48,1.04,0.7,0.31,0.15,0.1,2018,1.5,Europe,9700609.0
Turkey,74,5.48,1.15,0.69,0.32,0.11,0.11,2018,1.38,Asia,79646178.0
Pakistan,75,5.47,0.65,0.42,0.33,0.11,0.22,2018,0.81,Asia,210969298.0
Hong Kong,76,5.43,1.4,1.03,0.52,0.29,0.25,2018,1.29,Asia,7399838.0
Portugal,77,5.41,1.19,0.88,0.56,0.02,0.06,2018,1.43,Europe,10365435.0
Serbia,78,5.4,0.98,0.68,0.29,0.04,0.13,2018,1.37,Europe,7519496.0
Greece,79,5.36,1.15,0.88,0.13,0.04,0.0,2018,1.2,Europe,10806641.0
Lebanon,80,5.36,0.96,0.78,0.5,0.14,0.21,2018,1.18,Asia,6398940.0
Montenegro,81,5.35,1.02,0.73,0.26,0.08,0.11,2018,1.28,Europe,633966.0
Croatia,82,5.32,1.12,0.74,0.38,0.04,0.12,2018,1.16,Europe,4254815.0
Dominican Republic,83,5.3,0.98,0.61,0.58,0.11,0.12,2018,1.44,North America,10405832.0
Algeria,84,5.3,0.98,0.69,0.08,0.14,0.06,2018,1.15,Africa,39543154.0
Morocco,85,5.25,0.78,0.67,0.46,0.07,0.03,2018,0.8,Africa,34680458.0
China,86,5.25,0.99,0.8,0.6,0.1,0.03,2018,1.14,Asia,1393715448.0
Azerbaijan,87,5.2,1.02,0.6,0.43,0.18,0.03,2018,1.16,Asia,9863480.0
Tajikistan,88,5.2,0.47,0.6,0.29,0.03,0.19,2018,1.17,Asia,8524063.0
North Macedonia,89,5.18,0.96,0.69,0.39,0.05,0.17,2018,1.24,Europe,2107962.0
Jordan,90,5.16,0.82,0.64,0.47,0.13,0.13,2018,1.26,Asia,9494246.0
Nigeria,91,5.16,0.69,0.05,0.46,0.03,0.2,2018,1.17,Africa,183995785.0
Kyrgyzstan,92,5.13,0.53,0.59,0.54,0.04,0.28,2018,1.42,Asia,5914980.0
Bosnia and Herzegovina,93,5.13,0.92,0.76,0.28,0.0,0.22,2018,1.08,Europe,3524324.0
Mongolia,94,5.12,0.91,0.57,0.4,0.03,0.25,2018,1.52,Asia,2964749.0
Vietnam,95,5.1,0.72,0.7,0.62,0.08,0.18,2018,1.36,Asia,92191398.0
Indonesia,96,5.09,0.9,0.52,0.54,0.02,0.48,2018,1.22,Asia,259091970.0
Bhutan,97,5.08,0.8,0.53,0.54,0.17,0.36,2018,1.34,Asia,743274.0
Somalia,98,4.98,0.0,0.12,0.67,0.28,0.24,2018,0.71,Africa,13763906.0
Cameroon,99,4.97,0.54,0.18,0.45,0.04,0.18,2018,0.89,Africa,23012646.0
Bulgaria,100,4.93,1.05,0.71,0.36,0.01,0.06,2018,1.52,Europe,7309253.0
Nepal,101,4.88,0.42,0.54,0.53,0.08,0.3,2018,1.23,Asia,27610325.0
Venezuela,102,4.81,1.0,0.66,0.13,0.05,0.06,2018,1.47,South America,30529716.0
Gabon,103,4.76,1.04,0.4,0.36,0.05,0.03,2018,1.16,Africa,2028517.0
Palestine,104,4.74,0.64,0.6,0.27,0.08,0.09,2018,1.22,Asia,4484614.0
South Africa,105,4.72,0.94,0.33,0.52,0.06,0.1,2018,1.41,Africa,55876504.0
Iran,106,4.71,1.06,0.69,0.46,0.13,0.28,2018,0.77,Asia,81790841.0
Ivory Coast,107,4.67,0.54,0.08,0.47,0.1,0.15,2018,0.87,Africa,23596741.0
Ghana,108,4.66,0.59,0.34,0.5,0.03,0.21,2018,0.9,Africa,28870939.0
Senegal,109,4.63,0.43,0.43,0.41,0.08,0.14,2018,1.12,Africa,14356181.0
Laos,110,4.62,0.72,0.44,0.63,0.17,0.23,2018,1.03,Asia,6787419.0
Tunisia,111,4.59,0.9,0.69,0.27,0.06,0.04,2018,0.91,Africa,11557779.0
Albania,112,4.59,0.92,0.79,0.42,0.03,0.15,2018,0.82,Europe,2882481.0
Sierra Leone,113,4.57,0.26,0.0,0.36,0.05,0.24,2018,0.81,Africa,7314773.0
Bangladesh,115,4.5,0.53,0.58,0.58,0.14,0.15,2018,0.85,Asia,157830000.0
Sri Lanka,116,4.47,0.92,0.67,0.58,0.05,0.31,2018,1.31,Asia,21336697.0
Iraq,117,4.46,1.01,0.54,0.3,0.1,0.15,2018,0.97,Asia,37757813.0
Mali,118,4.45,0.37,0.15,0.37,0.06,0.14,2018,1.23,Africa,18112907.0
Namibia,119,4.44,0.87,0.36,0.52,0.06,0.05,2018,1.28,Africa,2282704.0
Cambodia,120,4.43,0.55,0.46,0.7,0.06,0.26,2018,1.09,Asia,15417523.0
Burkina Faso,121,4.42,0.31,0.25,0.31,0.13,0.18,2018,1.1,Africa,18718019.0
Egypt,122,4.42,0.88,0.55,0.31,0.11,0.09,2018,1.02,Africa,97723799.0
Mozambique,123,4.42,0.2,0.17,0.53,0.16,0.21,2018,0.9,Africa,26843246.0
Kenya,124,4.41,0.49,0.45,0.5,0.06,0.35,2018,1.05,Africa,46851488.0
Zambia,125,4.38,0.56,0.3,0.5,0.08,0.22,2018,1.05,Africa,16248230.0
Mauritania,126,4.36,0.56,0.29,0.13,0.09,0.13,2018,1.25,Africa,3946220.0
Ethiopia,127,4.35,0.31,0.39,0.45,0.15,0.22,2018,0.95,Africa,102471895.0
Georgia,128,4.34,0.85,0.64,0.38,0.22,0.04,2018,0.59,Asia,3771132.0
Armenia,129,4.32,0.82,0.67,0.26,0.03,0.08,2018,0.99,Asia,2878595.0
Myanmar,130,4.31,0.68,0.43,0.58,0.18,0.6,2018,1.17,Asia,51483949.0
Chad,131,4.3,0.36,0.05,0.19,0.06,0.18,2018,0.91,Africa,14140274.0
India,133,4.19,0.72,0.48,0.54,0.09,0.17,2018,0.75,Asia,1322866505.0
Niger,134,4.17,0.13,0.22,0.39,0.1,0.18,2018,0.87,Africa,20128124.0
Uganda,135,4.16,0.32,0.24,0.45,0.06,0.26,2018,1.09,Africa,37477356.0
Benin,136,4.14,0.38,0.24,0.44,0.07,0.16,2018,0.37,Africa,10932783.0
Sudan,137,4.14,0.6,0.31,0.02,0.08,0.13,2018,1.24,Africa,38171178.0
Ukraine,138,4.1,0.79,0.61,0.16,0.01,0.19,2018,1.41,Europe,44982564.0
Togo,139,4.0,0.26,0.25,0.43,0.1,0.16,2018,0.47,Africa,7473229.0
Guinea,140,3.96,0.34,0.21,0.39,0.09,0.18,2018,0.79,Africa,11625998.0
Lesotho,141,3.81,0.47,0.08,0.42,0.11,0.12,2018,1.22,Africa,2118521.0
Angola,142,3.8,0.73,0.27,0.0,0.06,0.08,2018,1.12,Africa,28127721.0
Madagascar,143,3.77,0.26,0.4,0.22,0.05,0.16,2018,0.91,Africa,24850912.0
Zimbabwe,144,3.69,0.36,0.25,0.41,0.1,0.13,2018,1.09,Africa,14154937.0
Afghanistan,145,3.63,0.33,0.26,0.08,0.04,0.19,2018,0.54,Asia,33753499.0
Botswana,146,3.59,1.02,0.42,0.56,0.09,0.04,2018,1.17,Africa,2305171.0
Malawi,147,3.59,0.19,0.31,0.53,0.08,0.21,2018,0.54,Africa,16938942.0
Haiti,148,3.58,0.32,0.29,0.02,0.1,0.39,2018,0.71,North America,10563757.0
Liberia,149,3.5,0.08,0.27,0.42,0.03,0.21,2018,0.86,Africa,4612329.0
Syria,150,3.46,0.69,0.54,0.09,0.14,0.38,2018,0.38,Asia,19205178.0
Rwanda,151,3.41,0.33,0.4,0.64,0.44,0.2,2018,0.9,Africa,11642959.0
Yemen,152,3.36,0.44,0.34,0.24,0.06,0.08,2018,1.07,Asia,28516545.0
Tanzania,153,3.3,0.46,0.38,0.48,0.1,0.27,2018,0.99,Africa,52542823.0
South Sudan,154,3.25,0.34,0.18,0.11,0.11,0.22,2018,0.61,Africa,11194299.0
Central African Republic,155,3.08,0.02,0.01,0.3,0.04,0.22,2018,0.0,Africa,4819333.0
Burundi,156,2.9,0.09,0.14,0.06,0.08,0.15,2018,0.63,Africa,10727148.0
Finland,1,7.77,1.34,0.99,0.6,0.39,0.15,2019,1.59,Europe,5479461.0
Denmark,2,7.6,1.38,1.0,0.59,0.41,0.25,2019,1.57,Europe,5677796.0
Norway,3,7.55,1.49,1.03,0.6,0.34,0.27,2019,1.58,Europe,5190356.0
Iceland,4,7.49,1.38,1.03,0.59,0.12,0.35,2019,1.62,Europe,331060.0
Netherlands,5,7.49,1.4,1.0,0.56,0.3,0.32,2019,1.52,Europe,17041107.0
Switzerland,6,7.48,1.45,1.05,0.57,0.34,0.26,2019,1.53,Europe,8281732.0
Sweden,7,7.34,1.39,1.01,0.57,0.37,0.27,2019,1.49,Europe,9849349.0
New Zealand,8,7.31,1.3,1.03,0.58,0.38,0.33,2019,1.56,Oceania,4590590.0
Canada,9,7.28,1.36,1.04,0.58,0.31,0.28,2019,1.5,North America,35732126.0
Austria,10,7.25,1.38,1.02,0.53,0.23,0.24,2019,1.48,Europe,8642421.0
Australia,11,7.23,1.37,1.04,0.56,0.29,0.33,2019,1.55,Oceania,23820236.0
Costa Rica,12,7.17,1.03,0.96,0.56,0.09,0.14,2019,1.44,North America,4895242.0
Israel,13,7.14,1.28,1.03,0.37,0.08,0.26,2019,1.46,Asia,8007778.0
Luxembourg,14,7.09,1.61,1.01,0.53,0.32,0.19,2019,1.48,Europe,569408.0
United Kingdom,15,7.05,1.33,1.0,0.45,0.28,0.35,2019,1.54,Europe,65224364.0
Ireland,16,7.02,1.5,1.0,0.52,0.31,0.3,2019,1.55,Europe,4665760.0
Germany,17,6.98,1.37,0.99,0.5,0.26,0.26,2019,1.45,Europe,82073226.0
Belgium,18,6.92,1.36,0.99,0.47,0.21,0.16,2019,1.5,Europe,11248303.0
United States,19,6.89,1.43,0.87,0.45,0.13,0.28,2019,1.46,North America,324607776.0
Czech Republic,20,6.85,1.27,0.92,0.46,0.04,0.05,2019,1.49,Europe,10523798.0
United Arab Emirates,21,6.82,1.5,0.82,0.6,0.18,0.26,2019,1.31,Asia,8916899.0
Malta,22,6.73,1.3,1.0,0.56,0.15,0.38,2019,1.52,Europe,456579.0
Mexico,23,6.6,1.07,0.86,0.43,0.07,0.07,2019,1.32,North America,120149897.0
France,24,6.59,1.32,1.04,0.44,0.18,0.11,2019,1.47,Europe,63809769.0
Taiwan,25,6.45,1.37,0.91,0.35,0.1,0.24,2019,1.43,Asia,23512136.0
Chile,26,6.44,1.16,0.92,0.36,0.06,0.19,2019,1.37,South America,17870124.0
Guatemala,27,6.44,0.8,0.75,0.54,0.08,0.18,2019,1.27,North America,16001107.0
Saudi Arabia,28,6.38,1.4,0.8,0.44,0.13,0.08,2019,1.36,Asia,32749848.0
Qatar,29,6.37,1.68,0.87,0.56,0.17,0.22,2019,1.31,Asia,2414573.0
Spain,30,6.35,1.29,1.06,0.36,0.08,0.15,2019,1.48,Europe,46431342.0
Panama,31,6.32,1.15,0.91,0.52,0.05,0.11,2019,1.44,North America,3957099.0
Brazil,32,6.3,1.0,0.8,0.39,0.09,0.1,2019,1.44,South America,205188205.0
Uruguay,33,6.29,1.12,0.89,0.52,0.15,0.13,2019,1.46,South America,3402818.0
Singapore,34,6.26,1.57,1.14,0.56,0.45,0.27,2019,1.46,Asia,5650018.0
El Salvador,35,6.25,0.79,0.79,0.43,0.07,0.09,2019,1.24,North America,6231066.0
Italy,36,6.22,1.29,1.04,0.23,0.03,0.16,2019,1.49,Europe,60232906.0
Bahrain,37,6.2,1.36,0.87,0.54,0.11,0.26,2019,1.37,Asia,1362142.0
Slovakia,38,6.2,1.25,0.88,0.33,0.01,0.12,2019,1.5,Europe,5424444.0
Trinidad and Tobago,39,6.19,1.23,0.71,0.49,0.02,0.18,2019,1.48,North America,1460177.0
Poland,40,6.18,1.21,0.88,0.48,0.05,0.12,2019,1.44,Europe,38553146.0
Uzbekistan,41,6.17,0.74,0.76,0.63,0.24,0.32,2019,1.53,Asia,30949417.0
Lithuania,42,6.15,1.24,0.82,0.29,0.04,0.04,2019,1.52,Europe,2963765.0
Colombia,43,6.12,0.98,0.84,0.47,0.03,0.1,2019,1.41,South America,47119728.0
Slovenia,44,6.12,1.26,0.95,0.56,0.06,0.14,2019,1.52,Europe,2080862.0
Nicaragua,45,6.1,0.69,0.84,0.44,0.13,0.2,2019,1.32,North America,6298598.0
Argentina,47,6.09,1.09,0.88,0.47,0.05,0.07,2019,1.43,South America,43257065.0
Romania,48,6.07,1.16,0.82,0.46,0.0,0.08,2019,1.23,Europe,19906079.0
Cyprus,49,6.05,1.26,1.04,0.41,0.04,0.19,2019,1.22,Europe,1187280.0
Ecuador,50,6.03,0.91,0.87,0.5,0.09,0.13,2019,1.31,South America,16195902.0
Kuwait,51,6.02,1.5,0.81,0.49,0.1,0.14,2019,1.32,Asia,3908743.0
Thailand,52,6.01,1.05,0.83,0.56,0.03,0.36,2019,1.41,Asia,70294397.0
Latvia,53,5.94,1.19,0.81,0.26,0.06,0.08,2019,1.46,Europe,1991955.0
South Korea,54,5.9,1.3,1.04,0.16,0.06,0.18,2019,1.22,Asia,50994401.0
Estonia,55,5.89,1.24,0.87,0.5,0.16,0.1,2019,1.53,Europe,1314657.0
Jamaica,56,5.89,0.83,0.83,0.49,0.03,0.11,2019,1.48,North America,2794445.0
Mauritius,57,5.89,1.12,0.8,0.5,0.06,0.22,2019,1.4,Africa,1293153.0
Japan,58,5.89,1.33,1.09,0.44,0.14,0.07,2019,1.42,Asia,127250933.0
Honduras,59,5.86,0.64,0.83,0.51,0.08,0.25,2019,1.24,North America,9294505.0
Kazakhstan,60,5.81,1.17,0.73,0.41,0.1,0.15,2019,1.51,Asia,17835909.0
Bolivia,61,5.78,0.78,0.71,0.51,0.06,0.14,2019,1.21,South America,11090085.0
Hungary,62,5.76,1.2,0.83,0.2,0.02,0.08,2019,1.41,Europe,9844246.0
Paraguay,63,5.74,0.86,0.78,0.51,0.08,0.18,2019,1.48,South America,6177950.0
Peru,65,5.7,0.96,0.85,0.46,0.03,0.08,2019,1.27,South America,30711863.0
Portugal,66,5.69,1.22,1.0,0.51,0.02,0.05,2019,1.43,Europe,10365435.0
Pakistan,67,5.65,0.68,0.54,0.31,0.1,0.22,2019,0.89,Asia,210969298.0
Russia,68,5.65,1.18,0.73,0.33,0.03,0.08,2019,1.45,Europe,144668389.0
Philippines,69,5.63,0.81,0.66,0.56,0.11,0.12,2019,1.29,Asia,103031365.0
Serbia,70,5.6,1.0,0.85,0.28,0.04,0.14,2019,1.38,Europe,7519496.0
Moldova,71,5.53,0.68,0.74,0.24,0.0,0.18,2019,1.33,Europe,3277388.0
Libya,72,5.52,1.04,0.67,0.42,0.15,0.13,2019,1.3,Africa,6192235.0
Montenegro,73,5.52,1.05,0.87,0.2,0.08,0.14,2019,1.36,Europe,633966.0
Tajikistan,74,5.47,0.49,0.72,0.39,0.14,0.23,2019,1.1,Asia,8524063.0
Croatia,75,5.43,1.16,0.91,0.3,0.02,0.12,2019,1.27,Europe,4254815.0
Hong Kong,76,5.43,1.44,1.12,0.44,0.29,0.26,2019,1.28,Asia,7399838.0
Dominican Republic,77,5.42,1.01,0.78,0.5,0.1,0.11,2019,1.4,North America,10405832.0
Bosnia and Herzegovina,78,5.39,0.94,0.84,0.21,0.01,0.26,2019,1.21,Europe,3524324.0
Turkey,79,5.37,1.18,0.81,0.2,0.11,0.08,2019,1.36,Asia,79646178.0
Malaysia,80,5.34,1.22,0.83,0.51,0.02,0.26,2019,1.17,Asia,31068833.0
Belarus,81,5.32,1.07,0.79,0.24,0.14,0.09,2019,1.46,Europe,9700609.0
Greece,82,5.29,1.18,1.0,0.07,0.03,0.0,2019,1.16,Europe,10806641.0
Mongolia,83,5.28,0.95,0.67,0.32,0.04,0.24,2019,1.53,Asia,2964749.0
North Macedonia,84,5.27,0.98,0.84,0.34,0.03,0.18,2019,1.29,Europe,2107962.0
Nigeria,85,5.26,0.7,0.24,0.43,0.04,0.22,2019,1.11,Africa,183995785.0
Kyrgyzstan,86,5.26,0.55,0.72,0.51,0.02,0.3,2019,1.44,Asia,5914980.0
Turkmenistan,87,5.25,1.05,0.66,0.39,0.03,0.24,2019,1.54,Asia,5766431.0
Algeria,88,5.21,1.0,0.78,0.09,0.11,0.07,2019,1.16,Africa,39543154.0
Morocco,89,5.21,0.8,0.78,0.42,0.08,0.04,2019,0.78,Africa,34680458.0
Azerbaijan,90,5.21,1.04,0.77,0.35,0.18,0.04,2019,1.15,Asia,9863480.0
Lebanon,91,5.2,0.99,0.82,0.22,0.03,0.17,2019,1.22,Asia,6398940.0
Indonesia,92,5.19,0.93,0.66,0.49,0.03,0.5,2019,1.2,Asia,259091970.0
China,93,5.19,1.03,0.89,0.52,0.1,0.06,2019,1.12,Asia,1393715448.0
Vietnam,94,5.18,0.74,0.85,0.54,0.07,0.15,2019,1.35,Asia,92191398.0
Bhutan,95,5.08,0.81,0.6,0.46,0.17,0.37,2019,1.32,Asia,743274.0
Cameroon,96,5.04,0.55,0.33,0.38,0.04,0.19,2019,0.91,Africa,23012646.0
Bulgaria,97,5.01,1.09,0.82,0.31,0.0,0.08,2019,1.51,Europe,7309253.0
Ghana,98,5.0,0.61,0.49,0.38,0.04,0.24,2019,0.87,Africa,28870939.0
Ivory Coast,99,4.94,0.57,0.23,0.35,0.09,0.15,2019,0.81,Africa,23596741.0
Nepal,100,4.91,0.45,0.68,0.44,0.09,0.28,2019,1.23,Asia,27610325.0
Jordan,101,4.91,0.84,0.82,0.38,0.13,0.11,2019,1.23,Asia,9494246.0
Benin,102,4.88,0.39,0.4,0.35,0.08,0.18,2019,0.44,Africa,10932783.0
Gabon,104,4.8,1.06,0.57,0.3,0.06,0.04,2019,1.18,Africa,2028517.0
Laos,105,4.8,0.76,0.55,0.55,0.16,0.27,2019,1.03,Asia,6787419.0
South Africa,106,4.72,0.96,0.47,0.39,0.06,0.13,2019,1.35,Africa,55876504.0
Albania,107,4.72,0.95,0.87,0.38,0.03,0.18,2019,0.85,Europe,2882481.0
Venezuela,108,4.71,0.96,0.8,0.15,0.05,0.06,2019,1.43,South America,30529716.0
Cambodia,109,4.7,0.57,0.64,0.61,0.06,0.23,2019,1.12,Asia,15417523.0
Palestine,110,4.7,0.66,0.67,0.22,0.07,0.1,2019,1.25,Asia,4484614.0
Senegal,111,4.68,0.45,0.57,0.29,0.07,0.15,2019,1.13,Africa,14356181.0
Somalia,112,4.67,0.0,0.27,0.56,0.27,0.24,2019,0.7,Africa,13763906.0
Namibia,113,4.64,0.88,0.48,0.4,0.06,0.07,2019,1.31,Africa,2282704.0
Niger,114,4.63,0.14,0.37,0.32,0.1,0.19,2019,0.77,Africa,20128124.0
Burkina Faso,115,4.59,0.33,0.38,0.26,0.11,0.18,2019,1.06,Africa,18718019.0
Armenia,116,4.56,0.85,0.82,0.28,0.06,0.1,2019,1.06,Asia,2878595.0
Iran,117,4.55,1.1,0.78,0.3,0.12,0.27,2019,0.84,Asia,81790841.0
Guinea,118,4.53,0.38,0.38,0.33,0.09,0.21,2019,0.83,Africa,11625998.0
Georgia,119,4.52,0.89,0.75,0.35,0.16,0.04,2019,0.67,Asia,3771132.0
Gambia,120,4.52,0.31,0.43,0.38,0.17,0.27,2019,0.94,Africa,2253133.0
Kenya,121,4.51,0.51,0.58,0.43,0.05,0.37,2019,0.98,Africa,46851488.0
Mauritania,122,4.49,0.57,0.49,0.07,0.09,0.11,2019,1.17,Africa,3946220.0
Mozambique,123,4.47,0.2,0.39,0.49,0.14,0.2,2019,0.99,Africa,26843246.0
Tunisia,124,4.46,0.92,0.82,0.17,0.06,0.06,2019,1.0,Africa,11557779.0
Bangladesh,125,4.46,0.56,0.72,0.53,0.14,0.17,2019,0.93,Asia,157830000.0
Iraq,126,4.44,1.04,0.57,0.24,0.09,0.15,2019,0.98,Asia,37757813.0
Mali,128,4.39,0.38,0.31,0.33,0.05,0.15,2019,1.1,Africa,18112907.0
Sierra Leone,129,4.37,0.27,0.24,0.31,0.04,0.25,2019,0.84,Africa,7314773.0
Sri Lanka,130,4.37,0.95,0.83,0.47,0.05,0.24,2019,1.26,Asia,21336697.0
Myanmar,131,4.36,0.71,0.56,0.52,0.17,0.57,2019,1.18,Asia,51483949.0
Chad,132,4.35,0.35,0.19,0.17,0.08,0.2,2019,0.77,Africa,14140274.0
Ukraine,133,4.33,0.82,0.74,0.18,0.01,0.19,2019,1.39,Europe,44982564.0
Ethiopia,134,4.29,0.34,0.53,0.34,0.1,0.21,2019,1.03,Africa,102471895.0
Uganda,136,4.19,0.33,0.44,0.36,0.06,0.25,2019,1.07,Africa,37477356.0
Egypt,137,4.17,0.91,0.64,0.24,0.07,0.08,2019,1.04,Africa,97723799.0
Zambia,138,4.11,0.58,0.43,0.43,0.09,0.25,2019,1.06,Africa,16248230.0
Togo,139,4.08,0.28,0.41,0.29,0.08,0.18,2019,0.57,Africa,7473229.0
India,140,4.01,0.76,0.59,0.5,0.08,0.2,2019,0.76,Asia,1322866505.0
Liberia,141,3.98,0.07,0.44,0.37,0.03,0.23,2019,0.92,Africa,4612329.0
Comoros,142,3.97,0.27,0.5,0.14,0.08,0.28,2019,0.76,Africa,730216.0
Madagascar,143,3.93,0.27,0.56,0.15,0.04,0.17,2019,0.92,Africa,24850912.0
Lesotho,144,3.8,0.49,0.17,0.36,0.09,0.11,2019,1.17,Africa,2118521.0
Burundi,145,3.78,0.05,0.38,0.22,0.18,0.18,2019,0.45,Africa,10727148.0
Zimbabwe,146,3.66,0.37,0.43,0.36,0.09,0.15,2019,1.11,Africa,14154937.0
Haiti,147,3.6,0.32,0.45,0.03,0.11,0.42,2019,0.69,North America,10563757.0
Botswana,148,3.49,1.04,0.54,0.46,0.1,0.02,2019,1.14,Africa,2305171.0
Syria,149,3.46,0.62,0.44,0.01,0.14,0.33,2019,0.38,Asia,19205178.0
Malawi,150,3.41,0.19,0.5,0.44,0.09,0.22,2019,0.56,Africa,16938942.0
Yemen,151,3.38,0.29,0.46,0.14,0.08,0.11,2019,1.16,Asia,28516545.0
Rwanda,152,3.33,0.36,0.61,0.56,0.41,0.22,2019,0.71,Africa,11642959.0
Tanzania,153,3.23,0.48,0.5,0.42,0.15,0.28,2019,0.88,Africa,52542823.0
Afghanistan,154,3.2,0.35,0.36,0.0,0.02,0.16,2019,0.52,Asia,33753499.0
Central African Republic,155,3.08,0.03,0.1,0.22,0.04,0.24,2019,0.0,Africa,4819333.0
South Sudan,156,2.85,0.31,0.3,0.01,0.09,0.2,2019,0.57,Africa,11194299.0
